date,summary.daily_gpp (623),summary.daily_tr (649),wf->evapotransp (34)
2002-01-01,none,none,0.56
2002-01-02,none,none,0.46
2002-01-03,none,none,0.41
2002-01-04,none,none,0.36
2002-01-05,none,none,0.41
2002-01-06,none,none,0.26
2002-01-07,none,none,0.17
2002-01-08,none,none,0.24
2002-01-09,none,none,0.21
2002-01-10,none,none,0.28
2002-01-11,none,none,0.33
2002-01-12,none,none,0.38
2002-01-13,none,none,0.08
2002-01-14,none,none,0.06
2002-01-15,none,none,0.08
2002-01-16,none,none,0.08
2002-01-17,none,none,0.3
2002-01-18,none,none,0.35
2002-01-19,-0.51,0.54,0.38
2002-01-20,0.47,0.79,0.37
2002-01-21,0.02,0.84,0.33
2002-01-22,-0.9,0.69,0.19
2002-01-23,0.08,0.68,0.11
2002-01-24,0.16,0.89,0.02
2002-01-25,0.69,0.95,0.38
2002-01-26,1,1.06,0.39
2002-01-27,-0.32,1.23,0.19
2002-01-28,0.38,1.28,0.43
2002-01-29,0.11,0.73,0.24
2002-01-30,0.71,0.93,0.51
2002-01-31,1.06,1.38,0.43
2002-02-01,1.34,1.48,0.54
2002-02-02,0.76,1.09,0.5
2002-02-03,0.74,1.16,0.68
2002-02-04,1.29,1.4,0.48
2002-02-05,1.11,1.46,0.59
2002-02-06,0.93,1.21,0.39
2002-02-07,1.1,1.13,0.49
2002-02-08,0.95,1.13,0.43
2002-02-09,1.56,1.62,0.87
2002-02-10,1.68,1.55,1.41
2002-02-11,1.66,1.74,1.18
2002-02-12,2.31,1.95,1.15
2002-02-13,2.02,2.09,1.18
2002-02-14,0.6,1.67,0.77
2002-02-15,0.35,1.29,0.52
2002-02-16,1.61,1.57,0.88
2002-02-17,1.69,1.54,0.8
2002-02-18,1.61,1.87,0.92
2002-02-19,1.93,1.89,1.32
2002-02-20,0.72,1.73,0.99
2002-02-21,1.72,1.19,1.07
2002-02-22,0.6,0.73,0.81
2002-02-23,0.77,1.03,1.03
2002-02-24,1.5,0.79,1.94
2002-02-25,1.42,0.93,1.14
2002-02-26,0.88,1.16,1.22
2002-02-27,1.78,1.1,1.14
2002-02-28,2.18,0.99,1.85
2002-03-01,1.37,0.82,1.15
2002-03-02,1.7,0.89,0.49
2002-03-03,3.36,1.27,1.02
2002-03-04,4.65,1.16,1.4
2002-03-05,2.93,1.05,0.77
2002-03-06,3.87,1.83,1.4
2002-03-07,2.58,2.01,1.23
2002-03-08,3.88,1.99,1.54
2002-03-09,4.58,2.02,1.48
2002-03-10,4.65,2.14,1.52
2002-03-11,5.41,1.96,1.6
2002-03-12,5.19,2.15,1.49
2002-03-13,4.4,2.5,1.71
2002-03-14,2.57,1.49,0.67
2002-03-15,4.01,1.61,0.78
2002-03-16,5,2.16,1.54
2002-03-17,6.13,2.6,1.55
2002-03-18,4.84,2.76,1.83
2002-03-19,1.24,3.02,1.05
2002-03-20,5.25,3.53,2.26
2002-03-21,7.09,3.79,3.06
2002-03-22,3.65,3.3,1.6
2002-03-23,5.7,2.25,1.33
2002-03-24,3.92,1.79,1.21
2002-03-25,4.21,1.76,2.29
2002-03-26,7.07,2.27,2.56
2002-03-27,7.57,2.97,2.54
2002-03-28,8.36,3.93,2.33
2002-03-29,10.72,5.77,2.72
2002-03-30,4.14,4.85,0.49
2002-03-31,11.21,6.45,2.53
2002-04-01,8.15,3.65,2.38
2002-04-02,8.33,3.78,2.68
2002-04-03,11.56,4.04,2.63
2002-04-04,7.95,3.85,2.58
2002-04-05,11.03,3.33,2.25
2002-04-06,10.23,2.77,2.3
2002-04-07,8.5,2.47,1.5
2002-04-08,7.46,1.54,1.1
2002-04-09,10.75,1.63,2.27
2002-04-10,9.97,1.68,2.05
2002-04-11,9.98,2.01,2.37
2002-04-12,7.69,2.1,1.79
2002-04-13,3.16,2.54,0.82
2002-04-14,5.79,2.33,0.69
2002-04-15,8.12,2.44,1.24
2002-04-16,8.34,2.63,1.38
2002-04-17,8.24,3.46,1.13
2002-04-18,11.2,4.09,2.52
2002-04-19,11.54,4.32,2.74
2002-04-20,9.87,3.61,1.43
2002-04-21,9.96,4.64,1.66
2002-04-22,13.97,5.32,2.68
2002-04-23,14.02,6,3.28
2002-04-24,5.49,5.55,0.74
2002-04-25,13.41,6.78,2.67
2002-04-26,9.29,5.47,1.89
2002-04-27,13.87,4.63,3.24
2002-04-28,11.44,4.32,2.52
2002-04-29,9.01,4.31,1.72
2002-04-30,9.47,3.95,2.25
2002-05-01,9.01,3.81,1.93
2002-05-02,7.68,3.68,1.49
2002-05-03,8.74,3.68,1.55
2002-05-04,10.5,3.59,2.1
2002-05-05,10.91,3.46,1.94
2002-05-06,14.03,3.25,2.4
2002-05-07,15.32,3.96,3.37
2002-05-08,13.76,4.43,2.03
2002-05-09,12.77,4.47,2.31
2002-05-10,12.29,4.58,3.51
2002-05-11,10.92,4.44,2.48
2002-05-12,11.34,3.98,2.23
2002-05-13,13.14,3.64,3.21
2002-05-14,11.49,3.8,5.11
2002-05-15,3.94,5.75,3.39
2002-05-16,1.89,6.48,2.33
2002-05-17,2.95,7.19,3.13
2002-05-18,-1,5.46,1.65
2002-05-19,1.63,5.66,1.19
2002-05-20,5.1,6.63,3.07
2002-05-21,5.74,7.86,3.18
2002-05-22,3.84,9.37,2.62
2002-05-23,2.07,6.71,1.16
2002-05-24,6.65,7.49,2.94
2002-05-25,3.85,6.15,1.03
2002-05-26,6.11,6.45,2.56
2002-05-27,4.05,5.09,0.72
2002-05-28,8.14,5.57,2.04
2002-05-29,7.99,6.13,1.68
2002-05-30,10.77,6.94,4.35
2002-05-31,11.84,7.48,4.59
2002-06-01,12.78,7.87,4.63
2002-06-02,12.43,8.2,4.5
2002-06-03,8.57,6.87,1.72
2002-06-04,9.74,7.95,2.95
2002-06-05,5.79,6.86,1.33
2002-06-06,10.15,6.91,2.99
2002-06-07,5.38,6.18,1.05
2002-06-08,7.83,6.43,1.94
2002-06-09,7.73,6.52,1.6
2002-06-10,8.98,5.89,2.32
2002-06-11,10.58,6.07,3.53
2002-06-12,11.57,7.54,4.49
2002-06-13,11.12,9.12,4.52
2002-06-14,13.45,9.61,5.16
2002-06-15,12.63,10.37,4.67
2002-06-16,12.06,10.16,4.21
2002-06-17,15.69,11.07,4.71
2002-06-18,16,11.71,4.84
2002-06-19,14.93,11.5,4.93
2002-06-20,12.64,10.68,4.28
2002-06-21,12.45,10.04,4.03
2002-06-22,14.41,10.56,4.75
2002-06-23,13.93,11.33,4.93
2002-06-24,5.61,8.24,1.34
2002-06-25,10.44,8.39,3.64
2002-06-26,11.72,8.53,4.73
2002-06-27,10.43,8.64,3.66
2002-06-28,8.8,7.1,3.55
2002-06-29,8.84,6.42,3.48
2002-06-30,9.45,7.3,4.04
2002-07-01,10.98,8.48,4.75
2002-07-02,5.55,7.72,1.27
2002-07-03,8.28,7.4,2.79
2002-07-04,10.55,6.51,3.34
2002-07-05,9.18,7.68,4.04
2002-07-06,5.74,7.08,1.48
2002-07-07,11.03,8.25,4.08
2002-07-08,12.18,9.36,4.64
2002-07-09,12.37,9.71,3.33
2002-07-10,4.97,7.33,1.39
2002-07-11,12.2,8.28,4.49
2002-07-12,13.8,9.59,4.86
2002-07-13,8.73,7.67,1.44
2002-07-14,12.63,7.93,3.33
2002-07-15,9.94,8.8,2.91
2002-07-16,12.26,8.6,2.89
2002-07-17,6.34,7.91,1.2
2002-07-18,14.19,8.79,2.97
2002-07-19,15.46,9.25,4.62
2002-07-20,14.34,9.75,4.36
2002-07-21,13.23,9.51,3.01
2002-07-22,15.54,9.58,4.96
2002-07-23,14.2,9.85,4.7
2002-07-24,11.11,8.39,3.39
2002-07-25,10.93,7.72,2.72
2002-07-26,9.5,6.84,1.79
2002-07-27,13.97,7.87,4.95
2002-07-28,14.73,8.1,4.23
2002-07-29,13.85,8.37,4.41
2002-07-30,12.41,8.32,3.5
2002-07-31,9.86,7.14,2.65
2002-08-01,9.28,6.99,1.94
2002-08-02,12.68,7.45,3.11
2002-08-03,10.6,8.16,1.48
2002-08-04,10.28,8.55,1.53
2002-08-05,13.54,8.87,3.27
2002-08-06,9.08,7.74,1.4
2002-08-07,7.44,6.84,1.08
2002-08-08,12.82,7.12,3.21
2002-08-09,8.42,6.35,1.34
2002-08-10,4.41,5.28,0.47
2002-08-11,1.65,4.63,0.25
2002-08-12,8.99,5.53,2.53
2002-08-13,10.02,5.89,3.7
2002-08-14,11.44,6.02,4.61
2002-08-15,4.14,6.3,3.21
2002-08-16,0.21,4.82,2.51
2002-08-17,0.14,4.44,2.44
2002-08-18,2.15,5.25,2.68
2002-08-19,1.56,7.48,2.64
2002-08-20,3.46,7.5,2.09
2002-08-21,2.16,7.09,2.56
2002-08-22,3.53,6.89,2.9
2002-08-23,5.03,7.47,2.13
2002-08-24,7.78,8.94,2.69
2002-08-25,10.91,10.26,3.4
2002-08-26,10.69,10.15,2.01
2002-08-27,6.71,8.78,1.47
2002-08-28,9.83,9.88,3.52
2002-08-29,10.79,10.36,3.26
2002-08-30,13.71,10.52,3.44
2002-08-31,11.3,10.23,2.69
2002-09-01,2.88,8.62,1.16
2002-09-02,7.79,7.84,1.55
2002-09-03,4.51,7.49,0.56
2002-09-04,12.58,8.31,2.05
2002-09-05,11.7,8.35,3.21
2002-09-06,11.89,8.73,3.23
2002-09-07,12.84,8.83,2.65
2002-09-08,12.54,8.95,2.66
2002-09-09,9.96,7.9,1.75
2002-09-10,7.58,6.83,1.02
2002-09-11,9.8,6.31,2.04
2002-09-12,7.19,6.94,1.9
2002-09-13,11.22,6.34,3.19
2002-09-14,10.08,6.2,2.94
2002-09-15,10.47,5.85,2.27
2002-09-16,9.28,5.38,2.52
2002-09-17,8.68,4.91,2.2
2002-09-18,8.28,5.27,1.93
2002-09-19,3.11,5.32,0.71
2002-09-20,4.77,5.6,1.94
2002-09-21,3.99,4.9,1.76
2002-09-22,1.84,3.99,2
2002-09-23,2.23,2.63,0.96
2002-09-24,1.52,2.11,0.35
2002-09-25,1.38,1.93,0.41
2002-09-26,1.73,2.47,0.67
2002-09-27,3.6,2.8,1.11
2002-09-28,3.9,2.72,2
2002-09-29,3.61,2.67,1.81
2002-09-30,4.51,3.11,1.35
2002-10-01,4.38,3.39,1.19
2002-10-02,4.66,3.48,0.98
2002-10-03,4.93,4.06,1.04
2002-10-04,4.04,4.04,0.8
2002-10-05,6.76,3.74,1.81
2002-10-06,1.26,3.54,0.51
2002-10-07,6.66,3.53,1.65
2002-10-08,6.44,2.77,1.14
2002-10-09,4.65,2.94,0.66
2002-10-10,4.61,3.32,0.85
2002-10-11,4.39,3.4,0.84
2002-10-12,5.05,3.56,1.21
2002-10-13,6.75,3.54,1.51
2002-10-14,1.18,3.24,0.45
2002-10-15,4.19,3.32,0.48
2002-10-16,6.31,3.76,1.48
2002-10-17,2.78,2.7,0.91
2002-10-18,4.41,2.03,0.94
2002-10-19,5.83,2.16,0.96
2002-10-20,6.8,2.13,0.7
2002-10-21,3.36,2.66,0.5
2002-10-22,7.91,3.69,1.86
2002-10-23,4.02,3.21,1.39
2002-10-24,5.72,2.51,1.03
2002-10-25,4.84,3.3,1
2002-10-26,7.12,3.83,3.21
2002-10-27,4.84,3.47,2.43
2002-10-28,5.51,2.85,1.75
2002-10-29,5.96,2.38,0.91
2002-10-30,6.99,3.42,0.88
2002-10-31,6.31,3.75,0.63
2002-11-01,4.6,3.69,0.3
2002-11-02,1.91,4.02,0.47
2002-11-03,3.42,4.22,1.4
2002-11-04,3.2,2.73,0.45
2002-11-05,3.89,2.63,0.44
2002-11-06,4.25,1.92,0.54
2002-11-07,1.9,1.52,0.32
2002-11-08,4.26,1.43,0.8
2002-11-09,1.13,1.68,0.49
2002-11-10,2.67,1.41,0.23
2002-11-11,1.23,2.06,0.39
2002-11-12,4.31,1.36,0.4
2002-11-13,3.48,1.39,0.26
2002-11-14,0.84,1.45,0.15
2002-11-15,2.79,1.92,0.18
2002-11-16,0.84,2.01,0.02
2002-11-17,4.46,2.13,0.47
2002-11-18,1.83,1.66,0.12
2002-11-19,2.7,1.97,0.14
2002-11-20,1.44,1.6,0.15
2002-11-21,1.91,1.4,0.24
2002-11-22,2.24,1.53,0.24
2002-11-23,2.2,1.15,0.25
2002-11-24,2.09,1.62,0.13
2002-11-25,0.98,1.68,0.08
2002-11-26,2.2,1.82,0.17
2002-11-27,1.8,1.82,0.22
2002-11-28,1.18,1.73,0.19
2002-11-29,2.96,1.7,0.33
2002-11-30,2.52,1.56,0.24
2002-12-01,2.18,1.33,0.38
2002-12-02,1.53,1.3,0.27
2002-12-03,1.72,0.83,0.35
2002-12-04,1,0.75,0.1
2002-12-05,0.86,0.84,0.41
2002-12-06,1.78,0.96,0.52
2002-12-07,1.37,0.71,0.47
2002-12-08,0.55,0.63,0.54
2002-12-09,0.41,0.51,0.53
2002-12-10,0.03,0.52,0.29
2002-12-11,0.27,0.65,0.26
2002-12-12,0.79,0.94,0.17
2002-12-13,1.21,1.18,0.09
2002-12-14,1.1,1.02,0.11
2002-12-15,2.19,1.45,0.37
2002-12-16,1.26,1.8,0.35
2002-12-17,1.52,1.7,0.3
2002-12-18,1.13,1.22,0.92
2002-12-19,0.96,0.92,0.46
2002-12-20,1.01,0.97,0.42
2002-12-21,1.88,1.31,0.23
2002-12-22,1.3,1.63,0.1
2002-12-23,1.86,1.99,0.16
2002-12-24,0.87,1.57,0.13
2002-12-25,1.69,1.3,0.14
2002-12-26,0.91,1.2,0.2
2002-12-27,1.67,1.03,0.14
2002-12-28,1.24,0.98,0.09
2002-12-29,0.58,0.85,0.27
2002-12-30,0.88,1.28,0.42
2002-12-31,2.3,2.21,0.26
2003-01-01,2.38,1.87,0.72
2003-01-02,0.28,2.24,1.31
2003-01-03,2.42,1.94,1.18
2003-01-04,0.68,1.68,0.68
2003-01-05,0.49,1.07,0.84
2003-01-06,0.28,1.06,0.78
2003-01-07,0.14,0.96,0.54
2003-01-08,0.06,0.81,0.7
2003-01-09,0.15,0.77,0.48
2003-01-10,-0.25,0.78,0.47
2003-01-11,0.1,0.89,0.68
2003-01-12,-0.08,0.78,0.53
2003-01-13,-0.02,0.89,0.58
2003-01-14,0.69,1.46,0.72
2003-01-15,0.61,1.48,0.92
2003-01-16,0.48,1.4,0.81
2003-01-17,0.3,1.25,0.79
2003-01-18,0.48,1.17,0.67
2003-01-19,0.28,1.15,0.51
2003-01-20,0.44,1.2,0.28
2003-01-21,0.18,1.02,0.25
2003-01-22,0.6,1.1,0.45
2003-01-23,0.21,0.97,0.26
2003-01-24,-0.39,0.88,0.32
2003-01-25,-0.27,0.71,0.06
2003-01-26,-0.23,0.62,0.03
2003-01-27,-0.35,0.62,0.06
2003-01-28,0.08,0.58,0.28
2003-01-29,-0.42,0.38,0.1
2003-01-30,0.12,0.28,0.08
2003-01-31,0.84,0.14,0.11
2003-02-01,-0.06,0.06,0.09
2003-02-02,0.68,0.06,0.05
2003-02-03,-0.67,0.05,0.05
2003-02-04,-0.51,0.25,0.09
2003-02-05,-0.34,0.43,0.11
2003-02-06,-0.3,0.52,0.08
2003-02-07,-0.6,0.45,0.07
2003-02-08,-0.06,0.75,0.01
2003-02-09,0.12,0.84,0.08
2003-02-10,0.22,0.87,0.09
2003-02-11,0.02,0.88,0.24
2003-02-12,-0.04,0.73,0.29
2003-02-13,-0.04,0.73,0.33
2003-02-14,-0.4,0.65,0.18
2003-02-15,-0.02,0.76,0.15
2003-02-16,0.1,0.89,0.34
2003-02-17,0.2,0.91,0.46
2003-02-18,0.05,0.75,0.19
2003-02-19,-0.4,0.61,0.05
2003-02-20,-0.38,0.5,0.06
2003-02-21,-0.17,0.57,0.05
2003-02-22,0.05,0.56,0.14
2003-02-23,-0.11,0.33,0.12
2003-02-24,-0.31,0.27,0.16
2003-02-25,-0.5,0.22,0.05
2003-02-26,-0.07,0.03,0.01
2003-02-27,-0.27,0,0.01
2003-02-28,-0.55,0.01,0.3
2003-03-01,0.57,0.29,0.22
2003-03-02,0.39,1.22,0.32
2003-03-03,1.43,1.45,0.63
2003-03-04,1,1.39,0.7
2003-03-05,0.84,1.88,0.93
2003-03-06,1.54,2.78,0.28
2003-03-07,4.18,5.01,0.53
2003-03-08,5.19,5.73,0.75
2003-03-09,6.41,7.01,1.04
2003-03-10,6.58,6.92,1.19
2003-03-11,5.03,7.48,0.87
2003-03-12,5.74,6.26,0.44
2003-03-13,4.32,4.69,0.84
2003-03-14,5.31,3.54,1.16
2003-03-15,4.63,3.02,1.09
2003-03-16,4.38,2.71,1.21
2003-03-17,4.13,2.54,1.34
2003-03-18,4.09,2.08,1.39
2003-03-19,3.73,1.9,1.34
2003-03-20,3.78,2.09,1.47
2003-03-21,4.07,2.05,1.39
2003-03-22,3.51,1.81,1.33
2003-03-23,3.69,2.01,1.34
2003-03-24,3.86,2.36,1.3
2003-03-25,5.04,2.53,1.56
2003-03-26,5.29,2.92,1.46
2003-03-27,6.24,3.69,1.64
2003-03-28,5.07,3.95,0.99
2003-03-29,6.8,4.22,1.55
2003-03-30,6.99,4.27,2.11
2003-03-31,5.42,3.86,1.2
2003-04-01,9.09,3.97,2.68
2003-04-02,5.3,3.35,1.45
2003-04-03,5.56,3.03,1.65
2003-04-04,7.83,3.04,1.84
2003-04-05,8.32,3.77,2.38
2003-04-06,7.46,3.5,2.16
2003-04-07,6.62,2.44,1.93
2003-04-08,6.87,2.89,2
2003-04-09,5.34,2.76,0.72
2003-04-10,4.65,2.58,0.93
2003-04-11,9.07,2.93,1.73
2003-04-12,5.76,3.53,0.89
2003-04-13,10.1,3.81,2.6
2003-04-14,12.3,4.62,2.56
2003-04-15,11.47,5.28,3.65
2003-04-16,12.73,5.52,3.27
2003-04-17,13.47,5.31,3.44
2003-04-18,12.33,5.51,3.69
2003-04-19,12.73,4.38,2.81
2003-04-20,13.57,5.54,2.56
2003-04-21,9.17,5.7,1.76
2003-04-22,11.66,6.12,2.6
2003-04-23,15.19,6.69,3.49
2003-04-24,14.68,7.54,3.08
2003-04-25,16.8,8.68,3.04
2003-04-26,9.55,7.8,1.11
2003-04-27,15.55,7.86,3.45
2003-04-28,15.9,8.04,3.42
2003-04-29,12.57,8.14,2.12
2003-04-30,5.38,7.01,0.5
2003-05-01,15.86,6.39,3
2003-05-02,13.63,5.53,2.56
2003-05-03,13.71,5.81,3.63
2003-05-04,14.47,6.25,3.84
2003-05-05,12.42,6.76,1.8
2003-05-06,16.29,7.5,4.36
2003-05-07,16.32,8.21,3.96
2003-05-08,14.14,7.99,3.2
2003-05-09,12.41,7.28,2.27
2003-05-10,16.4,7.67,2.97
2003-05-11,15.43,8.24,3.16
2003-05-12,15.01,8.04,3.64
2003-05-13,5.27,6.39,0.91
2003-05-14,11.17,5.47,2.57
2003-05-15,14.64,5.8,3.45
2003-05-16,14.19,6.57,3.42
2003-05-17,10.71,6.16,1.66
2003-05-18,12.21,6.78,2.81
2003-05-19,8.87,6.83,2.84
2003-05-20,8.97,5.67,2.48
2003-05-21,9.4,5.71,1.9
2003-05-22,8.72,5.91,1.12
2003-05-23,13.99,7.41,3.8
2003-05-24,13.42,7.81,4.13
2003-05-25,5.02,6.27,1.88
2003-05-26,5.99,6.61,0.75
2003-05-27,5.46,6.65,0.78
2003-05-28,8.28,6.19,1.42
2003-05-29,9.76,5.24,2.92
2003-05-30,3.29,5.14,2.94
2003-05-31,1.75,5.81,1.99
2003-06-01,2.45,6.1,2.67
2003-06-02,2.04,6.29,2.27
2003-06-03,3.11,7.03,2.51
2003-06-04,3.54,7.98,2.79
2003-06-05,5.41,8.12,2.88
2003-06-06,1.79,7.9,3.2
2003-06-07,3.93,7.42,3.34
2003-06-08,5.14,6.93,3.23
2003-06-09,6.32,6.33,3.56
2003-06-10,5.99,6.07,3.8
2003-06-11,5.16,5.35,3.55
2003-06-12,4.92,5.56,3.44
2003-06-13,4.7,5.24,3.19
2003-06-14,4.7,5.23,2.62
2003-06-15,6.14,5.79,3.4
2003-06-16,7.66,6.12,4.04
2003-06-17,7.45,6.46,3.77
2003-06-18,5.92,5.9,3.41
2003-06-19,6.59,5.85,3.52
2003-06-20,6.83,5.79,3.09
2003-06-21,7.49,5.51,4
2003-06-22,7.37,5.36,3.62
2003-06-23,5.18,5.44,4.07
2003-06-24,5.7,5.07,3.35
2003-06-25,5.34,4.68,3.1
2003-06-26,4.49,4.55,2.62
2003-06-27,4.98,5.04,2.93
2003-06-28,6.73,5.96,2.31
2003-06-29,7.42,6.45,2.76
2003-06-30,4.97,7.41,3.07
2003-07-01,2.23,5.95,1.28
2003-07-02,6.96,7.36,3.97
2003-07-03,4.49,7.55,2.92
2003-07-04,4.97,6.8,1.67
2003-07-05,6.31,7.02,3.73
2003-07-06,7.27,6.87,4.2
2003-07-07,8.31,7.11,3.96
2003-07-08,7.59,6.92,3.62
2003-07-09,8.01,6.61,3.12
2003-07-10,6,6.05,3.31
2003-07-11,4.57,5.12,3.36
2003-07-12,4.39,4.89,3.04
2003-07-13,4.68,5.17,3.17
2003-07-14,5.67,5.73,3.24
2003-07-15,5.96,6.08,2.82
2003-07-16,4.96,5.76,2.26
2003-07-17,1.99,5.56,3.19
2003-07-18,5.88,6.1,3.74
2003-07-19,6.74,6.66,3.55
2003-07-20,6.3,7.41,3.49
2003-07-21,6.7,6.59,2.74
2003-07-22,6.42,6.06,3.71
2003-07-23,7.35,5.52,3.31
2003-07-24,2.9,5.21,1.14
2003-07-25,6.91,5.54,3.6
2003-07-26,7.41,6.08,3.3
2003-07-27,4.1,5.85,1.13
2003-07-28,7.49,6.43,3.21
2003-07-29,7.63,6.72,3.31
2003-07-30,9.39,6.87,2.94
2003-07-31,7.56,6.31,2.85
2003-08-01,7.65,6.71,4.32
2003-08-02,8.54,7,4.04
2003-08-03,8.21,7.05,3.56
2003-08-04,5.01,6.51,3.41
2003-08-05,0.99,3.39,3.11
2003-08-06,2.7,4.36,2.71
2003-08-07,3.02,5.01,3.19
2003-08-08,3.7,5.18,2.99
2003-08-09,4.77,5.53,2.59
2003-08-10,2.72,5.26,2.63
2003-08-11,2.28,4.95,2.65
2003-08-12,2.99,4.63,2.4
2003-08-13,3.25,5.28,2.1
2003-08-14,3.18,4.73,1.32
2003-08-15,3.8,4.42,1.07
2003-08-16,2.64,4.78,1.9
2003-08-17,1.12,4.8,2.63
2003-08-18,-1.03,4.35,2.42
2003-08-19,1.6,5.28,2.34
2003-08-20,3.84,5.9,2.09
2003-08-21,3.64,5.46,1.77
2003-08-22,3.32,4.92,2.05
2003-08-23,2.05,4.18,2.02
2003-08-24,2.6,4.31,1.89
2003-08-25,3.18,4.55,1.89
2003-08-26,4.26,5.38,1.73
2003-08-27,4.4,5.29,1.6
2003-08-28,2.47,5.03,1.63
2003-08-29,0.42,5.14,1.59
2003-08-30,1.68,5.5,1.5
2003-08-31,5.16,5.94,2.27
2003-09-01,3.69,5.53,2.23
2003-09-02,5.18,4.97,2.28
2003-09-03,5.01,4.87,2.37
2003-09-04,6.06,5.11,2.42
2003-09-05,6.46,5.68,1.73
2003-09-06,6.39,6.52,1.75
2003-09-07,8.61,7.74,1.79
2003-09-08,7.8,7.25,2.18
2003-09-09,4.55,7.35,1.45
2003-09-10,8.76,7.85,2.21
2003-09-11,7.12,7.41,2.32
2003-09-12,10.95,7.49,2.5
2003-09-13,10.68,7.39,2.45
2003-09-14,10.36,7.33,2.95
2003-09-15,10.82,6.82,2.18
2003-09-16,10.85,7.72,2.16
2003-09-17,8.67,6.97,2.11
2003-09-18,9.65,6.67,2.16
2003-09-19,8.74,6.6,1.95
2003-09-20,8.69,6.77,2.01
2003-09-21,9.21,6.73,1.91
2003-09-22,9.05,6.26,2
2003-09-23,4.02,4.96,0.8
2003-09-24,7.83,4.05,2.38
2003-09-25,8.97,4.37,1.93
2003-09-26,9.31,5.04,1.86
2003-09-27,9.29,5.38,1.47
2003-09-28,6.87,5.27,0.97
2003-09-29,5.99,4.67,1.87
2003-09-30,8.89,4.51,1.68
2003-10-01,3.22,4.77,0.55
2003-10-02,9.48,5.98,1.17
2003-10-03,7,6.15,1.06
2003-10-04,2.69,5.26,1.29
2003-10-05,4.08,3.89,0.73
2003-10-06,7.8,3.95,2.36
2003-10-07,0.89,3.83,0.6
2003-10-08,7.33,3.68,2.07
2003-10-09,4.29,4.3,1.02
2003-10-10,6.53,4.4,1.43
2003-10-11,6.97,4.1,1.48
2003-10-12,3.85,3.62,0.78
2003-10-13,2.25,4.13,1.25
2003-10-14,1.2,3.79,1.14
2003-10-15,1.73,3.35,1.28
2003-10-16,1.9,2.95,0.68
2003-10-17,1.46,2.51,0.7
2003-10-18,0.35,1.78,0.37
2003-10-19,1.31,2,0.46
2003-10-20,1.52,2.58,0.76
2003-10-21,1.09,2.4,1.08
2003-10-22,1.83,2.01,1
2003-10-23,-0.21,1.9,0.41
2003-10-24,0.28,1.54,0.4
2003-10-25,1.41,1.88,0.71
2003-10-26,1.18,2.14,0.62
2003-10-27,1.03,1.62,0.89
2003-10-28,-0.09,1.05,0.55
2003-10-29,0.13,1.14,0.29
2003-10-30,0.9,1.19,0.47
2003-10-31,1.24,1.37,0.55
2003-11-01,1.69,1.34,0.8
2003-11-02,0.94,0.85,0.67
2003-11-03,1.46,1.02,0.48
2003-11-04,2.06,1.4,0.49
2003-11-05,2.09,1.46,0.51
2003-11-06,1.53,1.54,0.33
2003-11-07,2.28,1.77,1.16
2003-11-08,1.61,1.46,0.22
2003-11-09,1.66,1.25,0.32
2003-11-10,2.33,1.49,0.44
2003-11-11,0.64,1.32,0.11
2003-11-12,0.33,1.26,0.17
2003-11-13,1.71,1.73,0.52
2003-11-14,1.66,1.64,0.33
2003-11-15,2.49,1.57,0.35
2003-11-16,2.14,1.44,0.35
2003-11-17,1.44,1.42,0.51
2003-11-18,1.58,1.26,0.46
2003-11-19,2.03,0.88,0.22
2003-11-20,2.22,1.09,0.12
2003-11-21,1.87,0.92,0.15
2003-11-22,1.68,0.8,0.1
2003-11-23,1.96,0.97,0.13
2003-11-24,1.68,1.21,0.2
2003-11-25,1.45,1.34,0.12
2003-11-26,2.28,1.42,0.22
2003-11-27,1.1,1.48,0.08
2003-11-28,-0.2,1.05,0.04
2003-11-29,1.66,1.17,0.25
2003-11-30,1.03,1.21,0.19
2003-12-01,1.59,1.21,0.12
2003-12-02,2.57,1.26,0.31
2003-12-03,0.88,1.29,0.13
2003-12-04,2.11,1.28,0.31
2003-12-05,1.62,1.14,0.25
2003-12-06,0.87,1.38,0.31
2003-12-07,1.25,1.17,1.18
2003-12-08,1.45,1.08,0.29
2003-12-09,0.79,1.08,0.14
2003-12-10,1.56,1.22,0.24
2003-12-11,1.38,1.32,0.26
2003-12-12,2.22,1.91,0.65
2003-12-13,1.81,2.13,0.54
2003-12-14,1.02,2.59,1.53
2003-12-15,1.22,1.96,0.78
2003-12-16,1.81,1.68,0.45
2003-12-17,1.5,1.48,0.24
2003-12-18,1.62,1.26,0.23
2003-12-19,1.25,1.46,0.06
2003-12-20,1.83,1.7,0.26
2003-12-21,0.2,1.99,1.29
2003-12-22,1.02,1.43,0.53
2003-12-23,1.21,0.99,0.2
2003-12-24,0.9,0.68,0.33
2003-12-25,0.69,0.54,0.16
2003-12-26,0.4,0.5,0.13
2003-12-27,0.8,0.79,0.33
2003-12-28,0.49,0.81,0.28
2003-12-29,1.58,0.8,0.56
2003-12-30,0.5,0.86,0.15
2003-12-31,0.71,1.01,0.37
2004-01-01,0.81,0.97,0.26
2004-01-02,0.31,0.88,0.24
2004-01-03,0.11,0.66,0.29
2004-01-04,0.65,0.55,0.15
2004-01-05,0.57,0.91,0.05
2004-01-06,0.82,1.1,0.18
2004-01-07,1.07,0.97,0.25
2004-01-08,0.19,0.86,0.2
2004-01-09,0.48,1.41,0.73
2004-01-10,1.69,1.61,0.61
2004-01-11,1.2,1.91,0.73
2004-01-12,0.58,2.09,1.14
2004-01-13,0.4,2.3,0.94
2004-01-14,1.42,1.62,1.45
2004-01-15,0.91,1.22,1.07
2004-01-16,0.84,1.31,0.77
2004-01-17,1.79,1.64,1
2004-01-18,0.93,1.25,1.02
2004-01-19,1.53,0.87,0.53
2004-01-20,0.3,0.99,0.41
2004-01-21,0.95,1.15,0.1
2004-01-22,0.63,0.95,0.12
2004-01-23,0.56,0.95,0.12
2004-01-24,0.47,0.9,0.16
2004-01-25,0.9,1.39,0.1
2004-01-26,0.6,1.19,0.07
2004-01-27,0.85,1.27,0.07
2004-01-28,0.81,0.88,0.05
2004-01-29,-0.3,0.72,0.13
2004-01-30,-0.11,0.42,-0.08
2004-01-31,0.13,0.86,-0.2
2004-02-01,0.47,1.54,-0.47
2004-02-02,0.75,1.17,-0.04
2004-02-03,0.81,0.94,-0.02
2004-02-04,0.41,0.83,0.02
2004-02-05,0.53,0.83,0.02
2004-02-06,1.15,0.95,0.07
2004-02-07,1.51,1.52,0.93
2004-02-08,1.17,1.1,0.75
2004-02-09,0.86,0.9,1.52
2004-02-10,1.72,0.71,0.51
2004-02-11,0.39,0.75,0.2
2004-02-12,2.07,1.18,0.62
2004-02-13,2.41,1.28,0.79
2004-02-14,1.59,1.25,0.3
2004-02-15,2.15,1.62,0.59
2004-02-16,2.78,1.88,1.06
2004-02-17,2.42,1.84,0.58
2004-02-18,1.19,1.6,0.96
2004-02-19,0.46,1.35,0.94
2004-02-20,2.84,1.48,0.81
2004-02-21,2.4,1.79,0.49
2004-02-22,1.77,2.08,0.44
2004-02-23,0.12,1.03,0.34
2004-02-24,-0.02,0.75,0.03
2004-02-25,0.71,0.89,0.04
2004-02-26,0.97,1.4,0.47
2004-02-27,1.13,1.22,0.13
2004-02-28,1.21,0.98,0.14
2004-02-29,0.98,1.13,0.53
2004-03-01,1.38,1.22,1.07
2004-03-02,2.01,1.09,0.39
2004-03-03,2.92,1.54,0.75
2004-03-04,2.6,1.38,0.43
2004-03-05,1.59,1.48,0.31
2004-03-06,1.28,1.84,1.09
2004-03-07,3.47,1.89,0.61
2004-03-08,2.57,1.65,0.69
2004-03-09,3.54,1.5,1.49
2004-03-10,3.38,1.38,1.17
2004-03-11,1.79,1.3,0.73
2004-03-12,3.1,1.8,0.67
2004-03-13,3.03,2.66,0.63
2004-03-14,4.56,3.67,0.86
2004-03-15,5.32,4.39,1.38
2004-03-16,6.64,4.63,1.57
2004-03-17,5.79,5.07,1.59
2004-03-18,6.17,5.45,1.86
2004-03-19,6.87,5.51,2.12
2004-03-20,4.71,5.23,1.53
2004-03-21,6.15,4.61,1.96
2004-03-22,6.11,2.94,1.8
2004-03-23,3.34,2.26,0.75
2004-03-24,3.8,2.37,0.87
2004-03-25,4.2,2.06,1.41
2004-03-26,4.19,1.86,1.72
2004-03-27,6.13,1.8,1.78
2004-03-28,7.17,2.52,1.62
2004-03-29,7.71,3.61,2.34
2004-03-30,9.06,4.54,2.04
2004-03-31,9.38,5.03,2.29
2004-04-01,10.68,5.26,2.36
2004-04-02,10.97,6.28,2.7
2004-04-03,11.07,5.92,2.36
2004-04-04,9.95,5.07,1.93
2004-04-05,9.9,5.56,3.19
2004-04-06,4.75,4.12,1.08
2004-04-07,8.75,3.63,1.9
2004-04-08,10.75,3.94,1.85
2004-04-09,9.12,4.41,2.3
2004-04-10,6.36,3.7,1.14
2004-04-11,10.9,4,2.07
2004-04-12,10.37,4.26,2.39
2004-04-13,8.63,4.45,1.97
2004-04-14,13.7,4.82,2.59
2004-04-15,13.58,5.73,2.08
2004-04-16,15.26,6.51,3.12
2004-04-17,11.38,6.01,2.4
2004-04-18,10.36,5.72,2.43
2004-04-19,8.6,4,1.03
2004-04-20,13.86,5.2,2.29
2004-04-21,15.68,7.61,3.15
2004-04-22,15.39,8.93,3.65
2004-04-23,16.19,7.61,3.24
2004-04-24,15.08,6.62,3.66
2004-04-25,14.91,6.22,3.67
2004-04-26,15.72,6.63,3.79
2004-04-27,16.89,7.15,3.32
2004-04-28,15.2,7.46,4.08
2004-04-29,15.17,6.93,3.1
2004-04-30,11.47,6.22,2.59
2004-05-01,12.99,5.52,1.92
2004-05-02,14.46,6.09,2.23
2004-05-03,14.3,6.31,2.79
2004-05-04,14.36,7.04,2.42
2004-05-05,6.57,4.68,0.61
2004-05-06,9.66,4.53,0.93
2004-05-07,11.53,5.57,1.91
2004-05-08,8.42,5.25,0.97
2004-05-09,2.78,4.44,0.15
2004-05-10,13.68,6.12,2.78
2004-05-11,7.71,8.05,2.48
2004-05-12,6.74,8.08,3.34
2004-05-13,4.45,6.52,1.53
2004-05-14,6.04,7.14,2.69
2004-05-15,5.92,6.93,3.08
2004-05-16,4.87,6.64,2.58
2004-05-17,6.25,7.01,3.61
2004-05-18,6.08,8,3.99
2004-05-19,6.77,7.72,3.85
2004-05-20,8.1,8.04,4.16
2004-05-21,6.99,6.47,1.69
2004-05-22,3.36,4.3,1.68
2004-05-23,7.14,4.77,3.64
2004-05-24,6.4,4.59,3.88
2004-05-25,10.67,6.21,4.13
2004-05-26,10.09,7.17,3.88
2004-05-27,6.96,5.62,1.51
2004-05-28,11.85,4.99,3.4
2004-05-29,9.21,4.33,4.51
2004-05-30,9.87,5.17,4.3
2004-05-31,6.59,3.54,1.59
2004-06-01,3.95,4.43,0.66
2004-06-02,8.65,5.77,1.47
2004-06-03,5.59,5.15,0.67
2004-06-04,11.81,6.13,1.96
2004-06-05,11.13,6.45,1.98
2004-06-06,15.34,6.63,4.81
2004-06-07,15.67,9.32,4.32
2004-06-08,17.86,11.34,4.49
2004-06-09,18.57,13.06,4.94
2004-06-10,18.24,13.21,4.85
2004-06-11,10.65,10,1.49
2004-06-12,17.59,9.47,5.09
2004-06-13,9.84,7.55,2.22
2004-06-14,15.48,9.07,4.65
2004-06-15,13.5,9,2.42
2004-06-16,10.45,9.32,2.29
2004-06-17,15.73,9.52,4.32
2004-06-18,14.57,9.93,4.36
2004-06-19,10.26,7.82,2.02
2004-06-20,10.21,6.2,2.31
2004-06-21,13.75,7.16,4.11
2004-06-22,11.17,7.42,2.53
2004-06-23,12.12,7.67,2.39
2004-06-24,13.29,7.8,5.18
2004-06-25,6.4,7.5,3.65
2004-06-26,3.98,7.89,2.59
2004-06-27,5.9,9.14,2.72
2004-06-28,8.11,10.85,4.45
2004-06-29,6.24,9.43,4.57
2004-06-30,6.15,9.81,4.18
2004-07-01,3.82,8.66,2.7
2004-07-02,4.33,8.27,2.51
2004-07-03,6.31,8.84,3.85
2004-07-04,8.65,9.78,4.05
2004-07-05,5.7,8.85,2.78
2004-07-06,5.52,8.14,1.82
2004-07-07,7.43,9.01,1.97
2004-07-08,6.73,8.34,2.15
2004-07-09,10.13,7.08,3.91
2004-07-10,9.04,6.07,3.19
2004-07-11,6.81,5.2,1.74
2004-07-12,7.91,5.43,1.62
2004-07-13,7.17,5.56,1.18
2004-07-14,9.15,6.54,3.81
2004-07-15,10.93,8.58,3.29
2004-07-16,14.1,10.02,4.84
2004-07-17,13,10.53,4.6
2004-07-18,11.9,9.74,3.83
2004-07-19,12.53,9.57,3.91
2004-07-20,11.65,9.08,3.05
2004-07-21,13.02,9.83,4.03
2004-07-22,14.52,10.37,4.42
2004-07-23,13.85,10.44,4.05
2004-07-24,9.86,8.56,2.47
2004-07-25,12.49,8.94,4.98
2004-07-26,9.04,7.73,3.07
2004-07-27,11.96,7.84,3.53
2004-07-28,13.09,8.42,4.74
2004-07-29,13.18,8.99,4.36
2004-07-30,12.1,9.36,4.58
2004-07-31,11.98,8.83,3.45
2004-08-01,12.63,9.68,4.14
2004-08-02,11.81,9.58,3.91
2004-08-03,11.44,8.85,3.09
2004-08-04,10.59,8.51,3.87
2004-08-05,10.52,8.16,3.01
2004-08-06,9.36,8.33,2.86
2004-08-07,11.71,8.42,2.91
2004-08-08,11.8,8.61,3.66
2004-08-09,9.96,8.13,1.82
2004-08-10,9.79,8.3,2.72
2004-08-11,10.73,8.82,3.33
2004-08-12,8.88,7.69,2.77
2004-08-13,9.17,6.68,2.22
2004-08-14,5.38,6.37,1.59
2004-08-15,10.32,6.96,3.59
2004-08-16,8.49,6.85,2.26
2004-08-17,6.65,7.32,1.18
2004-08-18,12.17,9.12,3.97
2004-08-19,5.26,7.64,0.95
2004-08-20,9.91,7.93,3.24
2004-08-21,7.18,6.43,3.13
2004-08-22,9.56,6.92,3.14
2004-08-23,8.87,8.05,3.35
2004-08-24,3.39,7.45,1.59
2004-08-25,6.45,7.39,3.14
2004-08-26,2.42,6.02,0.94
2004-08-27,7.44,6.81,3.57
2004-08-28,5.72,7.12,3.25
2004-08-29,2.06,7.17,2.44
2004-08-30,2.05,6.85,2.82
2004-08-31,4.15,6.6,2.7
2004-09-01,5.76,6.29,3.14
2004-09-02,5.07,6.74,2.85
2004-09-03,7.71,7.42,2.84
2004-09-04,5.6,4.99,3.08
2004-09-05,6.17,5.67,3.4
2004-09-06,6.39,5.35,3.11
2004-09-07,6.2,4.85,3.06
2004-09-08,5.18,4.27,2.98
2004-09-09,6.4,4.7,2.75
2004-09-10,7.97,5.34,2.21
2004-09-11,7.39,6.09,2.45
2004-09-12,3.71,5.33,2.12
2004-09-13,7.47,5.64,2.72
2004-09-14,5,5.62,0.94
2004-09-15,3.99,5.03,1.07
2004-09-16,6.72,5.3,2.16
2004-09-17,7.71,5.37,2.08
2004-09-18,8.83,5.97,2.11
2004-09-19,6.37,5.96,0.72
2004-09-20,9.84,6.96,2.38
2004-09-21,6.89,5.97,2.42
2004-09-22,6.66,5.5,2.56
2004-09-23,6.32,6.49,1.53
2004-09-24,7.35,4.45,1.86
2004-09-25,5.46,3.73,0.86
2004-09-26,3.14,3.22,0.51
2004-09-27,5.62,2.53,0.76
2004-09-28,4.9,3.63,0.75
2004-09-29,6.31,4.07,1.01
2004-09-30,7.34,4.58,1.47
2004-10-01,8.38,4.75,1.86
2004-10-02,4.61,4.5,1.08
2004-10-03,8.17,4.89,1.62
2004-10-04,9.26,4.83,1.51
2004-10-05,9.17,6.04,1.73
2004-10-06,5.01,5.58,0.54
2004-10-07,5.96,5.27,1.05
2004-10-08,7.9,5.74,1.11
2004-10-09,4.77,4.94,0.56
2004-10-10,1.91,4.15,0.23
2004-10-11,3.96,3.32,0.77
2004-10-12,5.58,3.41,0.97
2004-10-13,3.07,3.19,0.48
2004-10-14,5.7,3.33,0.96
2004-10-15,3.04,2.8,0.67
2004-10-16,4.94,2.48,1.14
2004-10-17,4.44,2.15,0.81
2004-10-18,5.81,2.64,1.37
2004-10-19,1.01,2.49,0.26
2004-10-20,3.56,3.06,0.35
2004-10-21,5.78,3.11,0.81
2004-10-22,6.05,2.62,1.09
2004-10-23,5.13,2.66,0.75
2004-10-24,5.85,2.76,1.11
2004-10-25,3.7,2.57,0.61
2004-10-26,1.27,2.34,0.36
2004-10-27,1.97,2.29,0.33
2004-10-28,3.27,2.57,0.38
2004-10-29,2.92,2.86,0.34
2004-10-30,4.68,3.19,1.05
2004-10-31,3.65,3.09,1.08
2004-11-01,2.76,3.18,0.42
2004-11-02,2.7,3.19,0.32
2004-11-03,3.24,3.49,0.55
2004-11-04,1.36,3.32,0.21
2004-11-05,1.33,3.75,1.22
2004-11-06,1.8,2.85,0.74
2004-11-07,1.44,2.24,0.62
2004-11-08,1.4,1.58,0.41
2004-11-09,0.77,1.59,0.72
2004-11-10,2.01,1.42,0.46
2004-11-11,1.14,1.62,0.7
2004-11-12,1.01,1.57,0.34
2004-11-13,0.76,1.52,0.8
2004-11-14,0.55,1.2,1.06
2004-11-15,0.57,0.92,0.6
2004-11-16,0.53,0.85,0.42
2004-11-17,0.56,1.12,0.35
2004-11-18,0.73,1.62,0.49
2004-11-19,1.1,1.39,0.69
2004-11-20,0.43,0.95,0.4
2004-11-21,1.11,1.1,0.36
2004-11-22,0.94,1.72,0.59
2004-11-23,0.74,1.98,0.55
2004-11-24,1.76,1.53,0.68
2004-11-25,1.01,1.11,0.35
2004-11-26,0.96,1.06,0.27
2004-11-27,1.62,1.16,0.39
2004-11-28,0.69,1,0.14
2004-11-29,0.89,1.14,0.5
2004-11-30,0.34,0.97,0.4
2004-12-01,0.14,0.86,0.26
2004-12-02,0.45,0.88,0.21
2004-12-03,1.36,1.12,0.26
2004-12-04,0.59,1.14,0.28
2004-12-05,0.26,1.07,0.3
2004-12-06,0.79,1.02,0.68
2004-12-07,0.53,0.93,0.29
2004-12-08,0.25,0.83,0.29
2004-12-09,0.44,0.83,0.22
2004-12-10,0.58,0.81,0.1
2004-12-11,0.58,0.7,0.11
2004-12-12,0.51,0.69,0.14
2004-12-13,0.24,0.48,0.14
2004-12-14,0.21,0.43,0.13
2004-12-15,0,0.47,0.17
2004-12-16,0.25,0.52,0.09
2004-12-17,1.95,0.92,0.63
2004-12-18,0.59,0.61,0.76
2004-12-19,0.3,0.43,0.41
2004-12-20,-0.41,0.06,0.7
2004-12-21,0.04,0.12,0.1
2004-12-22,0,0.11,0.2
2004-12-23,0.64,0.19,0.29
2004-12-24,0.97,0.36,0.4
2004-12-25,0.5,0.23,0.27
2004-12-26,-0.05,0.19,0.15
2004-12-27,-0.55,0.26,0.34
2004-12-28,0.58,0.58,0.28
2004-12-29,0.47,0.53,-0.01
2004-12-30,0.04,0.03,0.11
2005-12-31,0.6,0.47,0.04
2005-01-01,0.95,0.57,0.86
2005-01-02,1.86,0.47,0.25
2005-01-03,0.14,0.4,0.31
2005-01-04,0.41,0.54,0.32
2005-01-05,1.62,0.85,0.4
2005-01-06,0.95,0.8,0.17
2005-01-07,1.34,1.04,0.64
2005-01-08,1.41,1.12,0.31
2005-01-09,1.17,1.06,0.27
2005-01-10,1.24,0.99,0.28
2005-01-11,1.21,1.11,0.39
2005-01-12,0.67,1.44,0.67
2005-01-13,1.08,0.85,0.24
2005-01-14,0.21,0.64,0.18
2005-01-15,0.34,0.6,0.3
2005-01-16,0.36,0.61,0.22
2005-01-17,0.04,0.59,0.25
2005-01-18,0.63,0.53,0.32
2005-01-19,0.33,0.69,0.65
2005-01-20,0.6,0.84,1.43
2005-01-21,0.68,0.65,0.89
2005-01-22,-0.32,0.6,0.22
2005-01-23,0.08,0.58,0.26
2005-01-24,-0.24,0.58,0.19
2005-01-25,0.15,0.83,0.5
2005-01-26,0.14,0.6,0.19
2005-01-27,0,0.62,0.06
2005-01-28,-0.03,0.55,0.07
2005-01-29,-0.03,0.52,0.19
2005-01-30,0.25,0.72,0.21
2005-01-31,-0.4,0.89,0.24
2005-02-01,0.19,0.64,0.15
2005-02-02,0.25,0.71,0
2005-02-03,0.49,0.61,0.14
2005-02-04,0.45,0.54,0.1
2005-02-05,0.44,0.56,0.05
2005-02-06,0.76,0.95,0.03
2005-02-07,0.8,1.02,0.09
2005-02-08,0.75,1.12,0.12
2005-02-09,0.92,1.28,0.25
2005-02-10,0.48,1.79,0.3
2005-02-11,1.41,2.2,0.44
2005-02-12,1,1.53,0.64
2005-02-13,0.47,1.16,0.2
2005-02-14,-0.37,0.78,0.2
2005-02-15,-0.29,0.83,0.23
2005-02-16,-0.02,0.85,0.17
2005-02-17,0.04,0.92,0.1
2005-02-18,0.49,1.09,0.09
2005-02-19,0,1.2,0.13
2005-02-20,-0.02,0.99,0.25
2005-02-21,-0.01,1.25,0.17
2005-02-22,0.7,1.16,0.15
2005-02-23,0.52,1.32,0.02
2005-02-24,0.06,1,0.15
2005-02-25,0.04,1.14,0.12
2005-02-26,0.5,1.3,0.3
2005-02-27,0.32,1.02,0.53
2005-02-28,0.02,0.82,0.1
2005-03-01,-0.38,0.97,0.17
2005-03-02,0.09,1.28,0.1
2005-03-03,-0.21,1.11,0.26
2005-03-04,0.62,0.89,0.09
2005-03-05,-0.04,0.79,0.15
2005-03-06,0.3,0.61,0.13
2005-03-07,0.62,0.79,0.14
2005-03-08,-0.67,0.6,0.23
2005-03-09,0.22,0.56,0.14
2005-03-10,-0.28,0.69,0.63
2005-03-11,0.86,0.95,0.64
2005-03-12,0.65,0.85,0.09
2005-03-13,0.9,1.26,0.26
2005-03-14,1.14,1.89,0.9
2005-03-15,1.47,2.06,1.65
2005-03-16,1.71,2.71,1.82
2005-03-17,2.14,2.92,1.21
2005-03-18,2.58,3.17,1.65
2005-03-19,2.87,2.89,1.35
2005-03-20,3.14,2.53,1.17
2005-03-21,1.7,2.47,0.5
2005-03-22,3.96,2.86,1.66
2005-03-23,3.2,3.02,1.05
2005-03-24,5.28,3.45,2.01
2005-03-25,5.51,3.92,1.5
2005-03-26,4.57,4.07,1.16
2005-03-27,5.52,4.41,1.77
2005-03-28,3.82,4.56,1.74
2005-03-29,2.18,4.57,1.05
2005-03-30,5.17,4.53,1.31
2005-03-31,6.83,4.9,2.73
2005-04-01,7.64,5.12,2.27
2005-04-02,7.7,4.63,2.41
2005-04-03,7.02,4.93,2.47
2005-04-04,6.12,4.56,0.99
2005-04-05,8.43,5.53,3.07
2005-04-06,5.82,4.62,1.59
2005-04-07,4.67,3.41,0.83
2005-04-08,4.22,2.44,0.75
2005-04-09,7.9,2.97,2.25
2005-04-10,8.99,3.28,2.91
2005-04-11,5.34,3.7,0.98
2005-04-12,6.92,3.93,0.89
2005-04-13,11.57,4.32,2.83
2005-04-14,9.84,4.58,2.86
2005-04-15,7.56,4.41,1.72
2005-04-16,4.67,2.92,0.24
2005-04-17,9.48,4.25,1.21
2005-04-18,8.99,4.53,1.21
2005-04-19,7.1,3.39,1.2
2005-04-20,9.38,3.66,1.5
2005-04-21,11.39,4,2.84
2005-04-22,8.87,3.87,1.44
2005-04-23,6.99,4.03,0.88
2005-04-24,9.05,4.09,1.66
2005-04-25,13.5,4.99,3.4
2005-04-26,4.12,4.5,0.34
2005-04-27,13.88,5.77,1.99
2005-04-28,13.99,6.69,2.95
2005-04-29,13.91,6.93,3.75
2005-04-30,13.82,7.23,4.2
2005-05-01,16,7.5,4.11
2005-05-02,6.95,6.45,1.57
2005-05-03,11.24,5.57,2.71
2005-05-04,10.32,5.34,2.37
2005-05-05,6.61,4.59,1.41
2005-05-06,7.67,4.63,1.47
2005-05-07,11.8,4.76,3.68
2005-05-08,11.79,4.64,3.31
2005-05-09,6.13,3.95,2.04
2005-05-10,3.71,3.86,2.9
2005-05-11,3.11,4.15,2.77
2005-05-12,1.95,4.31,2.34
2005-05-13,2.1,3.99,0.96
2005-05-14,2.81,4.17,2.44
2005-05-15,1.83,3.45,0.85
2005-05-16,3.9,3.82,2.67
2005-05-17,2.08,3.66,1.17
2005-05-18,4.97,4.01,2.59
2005-05-19,5.84,5.26,3.5
2005-05-20,4.41,5.71,1.53
2005-05-21,6.67,5.62,2.47
2005-05-22,6.21,5.23,1.12
2005-05-23,8.97,5.92,3.13
2005-05-24,11.16,7.48,4.46
2005-05-25,11.6,9.16,4.17
2005-05-26,12.69,10.2,4.26
2005-05-27,13.46,11.4,5
2005-05-28,13.41,11.64,4.31
2005-05-29,5.86,9.33,1.51
2005-05-30,13.37,7.99,4.23
2005-05-31,12.83,8.25,4.62
2005-06-01,12.72,9.11,4.28
2005-06-02,14.54,10.32,5.01
2005-06-03,10.45,9.08,4.12
2005-06-04,12.29,8.62,3.46
2005-06-05,8.64,7.51,1.93
2005-06-06,11.31,6.36,4.43
2005-06-07,13.85,6.03,4.58
2005-06-08,12.4,6.08,4.19
2005-06-09,12.46,6.34,3.98
2005-06-10,11.72,7.02,3.82
2005-06-11,12.16,7.29,2.77
2005-06-12,11.31,7.94,2.57
2005-06-13,9.64,7.85,1.43
2005-06-14,14.05,9.01,3.9
2005-06-15,15.01,9.4,4.52
2005-06-16,15.26,9.49,4.19
2005-06-17,14.99,9.89,4.97
2005-06-18,12.83,9.38,5.03
2005-06-19,11.54,8.79,4.82
2005-06-20,10.63,7.92,4.06
2005-06-21,10.71,8.33,3.96
2005-06-22,9.73,7.88,3.85
2005-06-23,9.62,7.93,3.67
2005-06-24,8.4,7.22,3.03
2005-06-25,9.1,7.9,3.61
2005-06-26,5.77,8.62,2.81
2005-06-27,4.36,8.64,2.29
2005-06-28,2.84,7.48,1.86
2005-06-29,1.12,6.47,2.75
2005-06-30,2.05,5.76,2.78
2005-07-01,3.84,6.38,1.63
2005-07-02,5.09,7.63,3.4
2005-07-03,2.69,6.6,2.08
2005-07-04,1.74,5.43,2.86
2005-07-05,2.37,5.86,1.56
2005-07-06,4.18,6.33,1.14
2005-07-07,4.78,7.08,1.56
2005-07-08,7.73,8.55,3.93
2005-07-09,6.16,8.1,2.33
2005-07-10,7.5,8.3,2.89
2005-07-11,9.46,8.66,4.72
2005-07-12,10.46,9.1,4.27
2005-07-13,10.96,8.92,4.49
2005-07-14,11.99,9.72,4.23
2005-07-15,10.77,9.58,3.09
2005-07-16,12.46,9.61,4.45
2005-07-17,7.56,8.47,3.14
2005-07-18,8.11,7.7,3.03
2005-07-19,10.25,7.45,4.18
2005-07-20,9.11,7.26,3.3
2005-07-21,9.87,6.87,3.79
2005-07-22,10.33,6.47,2.79
2005-07-23,7.74,6.52,1.74
2005-07-24,7.58,6.66,1.53
2005-07-25,10.3,7.47,3.45
2005-07-26,11.98,8.37,4.14
2005-07-27,12.12,10.49,4.04
2005-07-28,11.58,9.88,3.26
2005-07-29,8.05,7.9,1.89
2005-07-30,10.38,7.68,4.25
2005-07-31,10.03,8.18,4.28
2005-08-01,2.52,6.99,0.85
2005-08-02,7.55,7.28,1.51
2005-08-03,11.43,7.57,4.48
2005-08-04,10.82,7.56,4.31
2005-08-05,8.96,7.89,3.56
2005-08-06,8.93,6.99,3.3
2005-08-07,10.89,6.86,3.35
2005-08-08,9.89,7.47,3.68
2005-08-09,12.01,8.31,3.64
2005-08-10,10.3,7.85,3.43
2005-08-11,9.41,8.56,3.78
2005-08-12,8.47,7.77,2.21
2005-08-13,5.16,6.03,0.99
2005-08-14,4.24,5.34,0.59
2005-08-15,7.71,6.19,2.67
2005-08-16,9.44,6.8,3.26
2005-08-17,8.44,6.82,2.75
2005-08-18,7.55,6.55,2.59
2005-08-19,5.43,5.98,1.86
2005-08-20,2.97,5.84,1.19
2005-08-21,4.09,6.41,1.47
2005-08-22,8.29,6.86,2.42
2005-08-23,8.85,6.87,2.64
2005-08-24,6.09,6.48,2.03
2005-08-25,6.78,6.31,2.66
2005-08-26,8.87,6.49,2.81
2005-08-27,8.2,6.75,3.37
2005-08-28,5.13,7.28,2.43
2005-08-29,3.85,7.49,2.57
2005-08-30,3.51,7.24,2.08
2005-08-31,3.18,6.96,2.79
2005-09-01,3.56,6.89,2.46
2005-09-02,5.22,6.8,2.41
2005-09-03,4.44,6.43,1.69
2005-09-04,4.06,6.5,1.92
2005-09-05,3.98,6.42,2.91
2005-09-06,5.65,6.62,2.58
2005-09-07,5.03,6.7,2.37
2005-09-08,4.28,6.51,1.82
2005-09-09,4.37,6.54,1.86
2005-09-10,4.89,6.03,1.51
2005-09-11,4.35,5.55,1.24
2005-09-12,5.54,5.97,2.17
2005-09-13,4.64,6.39,1.84
2005-09-14,6.05,5.81,2.25
2005-09-15,5.23,5.77,2.04
2005-09-16,2.73,4.27,1.13
2005-09-17,3.32,4.37,1.63
2005-09-18,3.81,4.22,1.13
2005-09-19,5.29,4.86,1.78
2005-09-20,6.88,5.02,2.53
2005-09-21,7.5,5.57,1.89
2005-09-22,7.53,5.71,2.05
2005-09-23,7.58,5.73,1.9
2005-09-24,6.96,6.03,1.79
2005-09-25,5.99,6,1.49
2005-09-26,6.33,5.68,0.56
2005-09-27,7.22,5.75,1.67
2005-09-28,4.58,5.09,1.29
2005-09-29,7,3.98,1.09
2005-09-30,3.27,4.05,0.47
2005-10-01,3.37,3.63,0.41
2005-10-02,1.78,3.25,0.31
2005-10-03,4.9,3.6,0.52
2005-10-04,5.58,3.62,0.83
2005-10-05,5.79,3.81,0.82
2005-10-06,6.59,4.06,1.08
2005-10-07,6.02,4.32,1.4
2005-10-08,7.06,4.42,1.19
2005-10-09,6.56,4.37,1.16
2005-10-10,6.89,4.8,1.02
2005-10-11,6.81,4.9,1.03
2005-10-12,6.75,4.54,1.11
2005-10-13,7.17,4.18,1.47
2005-10-14,5.2,3.63,0.71
2005-10-15,3.59,3.9,0.47
2005-10-16,4.03,3.38,0.58
2005-10-17,3.94,2.99,0.7
2005-10-18,3.59,3.54,0.57
2005-10-19,3.84,3.9,0.85
2005-10-20,3.11,3.67,0.85
2005-10-21,3.77,4.02,1.04
2005-10-22,2.23,3.52,0.37
2005-10-23,3.11,3.19,0.62
2005-10-24,2.32,3.62,1.04
2005-10-25,2.45,3.97,0.86
2005-10-26,3.08,3.3,0.77
2005-10-27,3.22,3.05,0.73
2005-10-28,2.77,3.09,0.78
2005-10-29,2.1,2.33,0.74
2005-10-30,1.98,2.37,0.54
2005-10-31,2.16,2.96,0.6
2005-11-01,2.25,2.66,0.54
2005-11-02,3.16,3.05,0.88
2005-11-03,1.39,3.05,0.7
2005-11-04,1.91,2.73,0.96
2005-11-05,2.42,2.1,0.43
2005-11-06,2.73,2.51,0.66
2005-11-07,2.43,2.06,0.28
2005-11-08,2.81,2.08,0.5
2005-11-09,1.7,2.41,0.31
2005-11-10,1.41,2.31,0.25
2005-11-11,2.26,1.99,0.37
2005-11-12,2.85,1.9,0.4
2005-11-13,1.41,2,0.42
2005-11-14,1.94,2.12,0.41
2005-11-15,0.85,2.5,0.88
2005-11-16,1.69,2.15,0.76
2005-11-17,2.54,1.74,0.5
2005-11-18,1.78,1.45,0.6
2005-11-19,1.32,1.41,0.36
2005-11-20,0.54,1.49,0.27
2005-11-21,1.33,1.27,0.78
2005-11-22,1.22,1.2,0.89
2005-11-23,0.92,0.91,0.49
2005-11-24,-0.11,0.91,0.14
2005-11-25,-0.26,0.52,0.17
2005-11-26,-0.51,0.6,0.15
2005-11-27,0.35,0.81,0.16
2005-11-28,0.01,0.79,0.12
2005-11-29,0.36,1.06,0.06
2005-11-30,-0.14,0.73,0.05
2005-12-01,-0.41,0.44,0.12
2005-12-02,-0.35,0.86,-0.09
2005-12-03,0.67,1.09,-0.37
2005-12-04,1.07,1.13,0.04
2005-12-05,0.62,0.91,0.26
2005-12-06,0.3,0.94,0.29
2005-12-07,0.04,0.79,0.26
2005-12-08,0.08,0.96,0.54
2005-12-09,0.69,0.96,1.19
2005-12-10,0.66,0.76,0.75
2005-12-11,0.18,0.64,0.37
2005-12-12,0.45,0.84,0.32
2005-12-13,0.55,0.88,0.37
2005-12-14,0.82,0.87,0.24
2005-12-15,0.11,0.97,0.43
2005-12-16,-0.09,0.93,0.97
2005-12-17,0.44,0.79,0.19
2005-12-18,0.27,0.68,0.21
2005-12-19,0.1,0.78,0.08
2005-12-20,0.21,0.65,0.19
2005-12-21,0.59,0.62,0.19
2005-12-22,0.87,0.7,0.15
2005-12-23,0.88,0.84,0.1
2005-12-24,0.83,0.89,0.08
2005-12-25,0.78,0.86,0.11
2005-12-26,0.18,0.79,0.25
2005-12-27,0.05,0.71,0.21
2005-12-28,0.54,1.02,0.05
2005-12-29,0.11,0.51,0.07
2005-12-30,0.01,0.27,0.1
